id,date,username,content,url,keyword,likes,retweets,replies
1924653124943544797,2025-05-20T02:27:17.000Z,PngAdilnR4kyt,"KENAPA HARUS RAKYAT YANG JADI KORBAN...

KATA BUDI GUNADI VAKSIN TBC BILL GATES AMAN...

KALO GITU SEBAGAI KELINCI PERCOBAAN KELUARGA ANDA SEBAGAI PENGUJINYA, BAGAIMANA...

#KenapaPolisiMusuhiRakyat
#KenapaPolisiMusuhiRakyat",https://x.com/PngAdilnR4kyt/status/1924653124943544797,vaksin,0,0,0
1923514634058793395,2025-05-16T23:03:20.000Z,NyaiNeneng,Mereka semua wajib masuk daftar vaksin percobaan..!! ,https://x.com/NyaiNeneng/status/1923514634058793395,vaksin,0,0,0
1923261831121957055,2025-05-16T06:18:47.000Z,pentolkuriya,"Lg otw ke vetnip mau vaksin kok tercium bau semerbak…

Taunya lukmen ngompol mana pas sampe meja vet bgt tiba-tiba bau eek, tp dicari eeknya gaada… ternyata momo kentut…. Ada-ada aja dah ni anak dua",https://x.com/pentolkuriya/status/1923261831121957055,vaksin,0,0,0
1926049970571866521,2025-05-23T22:57:51.000Z,arinsyahr,Korban pfizer yg habis vaksin lebih gampang sakit MAU UNJUK DIRI!!!!  memang kambink,https://x.com/arinsyahr/status/1926049970571866521,vaksin,0,0,0
1923629630927536165,2025-05-17T06:40:17.000Z,SumandoGaek,"INFO A1 : TERNYATA BUDI SADIKIN SEJAK 2022 sudah meminta pada Bill Gates agar Indonesia jadi tempat UJI COBA VAKSIN TBC
Real Penjahat Kemanusiaan.",https://x.com/SumandoGaek/status/1923629630927536165,vaksin,0,0,0
1923029949448896696,2025-05-15T14:57:22.000Z,pureblood_4ever,Dharma Pongrekun menjelaskan tentang vaksin TBC,https://x.com/pureblood_4ever/status/1923029949448896696,vaksin,0,0,0
1518773582616088576,2022-04-26T02:06:54.000Z,PartaiSocmed,"Perkembangan pandemi politik Indonesia saat ini:
1. Pendukung Jokowi banyak yg masuk IGD karena keselek kata2nya sendiri.
2. Pendukung Anies mendadak antri vaksin merek ""Jokowi"".",https://x.com/PartaiSocmed/status/1518773582616088576,vaksin,0,0,0
1923014014801674714,2025-05-15T13:54:03.000Z,poin_opini," VAKSIN HPV CUMA 400K DI RSUD TAMANSARI JAKARTA!

(Gardasil 4, normalnya 1 juta sekali suntik!)

 Vaksin HPV = Investasi Hidup.
Cegah kanker serviks, penis, anus, tenggorokan, & kutil kelamin.

 HPV = virus yg nular lewat seks (vaginal, oral, anal). Cowok-cewek bisa kena,",https://x.com/poin_opini/status/1923014014801674714,vaksin,0,0,0
1924742932172771656,2025-05-20T08:24:09.000Z,blue_berets7,"Bukti inovatif dengan jelas menunjukkan efek samping vaksin Covid hadir, dibungkam, dan diabaikan.",https://x.com/blue_berets7/status/1924742932172771656,vaksin,0,0,0
1924591131654029387,2025-05-19T22:20:57.000Z,gusjunun,"Budak WHO itu berkata: vaksin TBC ini aman sambil menyuruh orang lain sebagai kelinci percobaan.

""Mereka tidak dipungut biaya dan tidak di paksa""

Pak Prabowo,anda boleh melakukan ujicoba ini di Lapas Sukamiskin. Mereka pantas dijadikan tikus percobaan.
https://kumparan.com/kumparannews/bpom-butuh-2-ribu-sukarelawan-buat-uji-coba-vaksin-tbc-bill-gates-gratis-254aKZUiffK…",https://x.com/gusjunun/status/1924591131654029387,vaksin,0,0,0
1925506211941949664,2025-05-22T10:57:09.000Z,TedInvestigasi,"BPOM kapan?
Masih banyak yang belum sadar bahaya vaksin Covid dan terus booster...",https://x.com/TedInvestigasi/status/1925506211941949664,vaksin,0,0,0
1924987503347695690,2025-05-21T00:35:59.000Z,blue_berets7,"Terus MENGINGATKAN..
Sadar ya.. buka mata.. buka telinga DENGAR INI..

Erik thohir dulu saja TIDAK MAU DI VAKSIN.. rakyat yg disuruh vaksin duluan...
Jangan jadikan rakyat kelinci percobaan..!!! ",https://x.com/blue_berets7/status/1924987503347695690,vaksin,0,0,0
1923547239030587691,2025-05-17T01:12:54.000Z,MariaAlkaff_,"Dr. Anthony Pham, berkebangsaan Vietnam-Amerika, menyatakan:
Tidak ada autisme di Vietnam sebelum Bill Gates membeli vaksin-vaksinnya ""Kembali ke Vietnam, Vietnam tidak memiliki apa-apa. Tidak ada sesuatu seperti autisme pada tahun 1975, tahun 2000, tahun 2001. Tidak ada sesuatu",https://x.com/MariaAlkaff_/status/1923547239030587691,vaksin,0,0,0
1924465115036058088,2025-05-19T14:00:12.000Z,valiisaa,"Perihal vaksin M72 untuk TBC, pada uji Klinis Fase 1 itu dilakukan di negara maju.
Dan vaksin ini sudah dimulai penelitiannya sejak 1999. 

Ada yg tau beliau siapa? Beliau adalah Dr. dr. Erlina Burhan, MSC, Sp.P (K)
Ingat, beliau adalah Konsultan  beliau adalah Peneliti Utama",https://x.com/valiisaa/status/1924465115036058088,vaksin,0,0,0
1923031934789128494,2025-05-15T15:05:16.000Z,xquitavee,"Paling pertanyaan yg tdk di jawab   knpa maling panci 

Si Roy panci lusuh gitu ga tidur berhari2 musti cepet2 di vaksin TBC  ",https://x.com/xquitavee/status/1923031934789128494,vaksin,0,0,0
1924757663654773192,2025-05-20T09:22:41.000Z,StopTBIndonesia,"Vaksin TBC yang masih dalam tahap uji klinis fase-3 sudah menuai polemik di masyarakat hingga munculnya penolakan dan misinformasi. 

STPI mengadakan diskusi untuk melihat pandangan lebih lanjut dari para ahli mengenai informasi yang beredar luas. 

#VaksinTBC #TOSSTBC #ENDTB",https://x.com/StopTBIndonesia/status/1924757663654773192,vaksin,0,0,0
1924990261438120030,2025-05-21T00:46:57.000Z,iwanalidarmawan,"Parodi : Uji Coba Vaksin TBC Bill Gates

Kematian satu orang itu tragedi sementara kematian banyak orang itu cuma statistik

orang = rakyat",https://x.com/iwanalidarmawan/status/1924990261438120030,vaksin,0,0,0
1923739346940854331,2025-05-17T13:56:16.000Z,_______la_ye,"Menemani pacarku vaksin HPV 

Wishlist dari 2023, semoga wishlist lainnya terkabul",https://x.com/_______la_ye/status/1923739346940854331,vaksin,0,0,0
1926251906873032792,2025-05-24T12:20:17.000Z,godspeeedss,gw yang sekeluarga ga pernah vaksin sama sekali & ga pernah kena gejala covid bilek :,https://x.com/godspeeedss/status/1926251906873032792,vaksin,0,0,0
1925131947183161682,2025-05-21T10:09:58.000Z,MariaAlkaff_,"Di saat AS menolak, Indonesia malah bangga jadi target obyek Bill Gates. 

Menkes AS, Robert F. Kennedy, Jr. menolak segala bentuk vaksin bahkan tidak percaya vaksin covid buatan elit global - bio pharm. 
Begitu pula dengan Trump yang sehari setelah dilantik menyatakan keluar",https://x.com/MariaAlkaff_/status/1925131947183161682,vaksin,0,0,0
1925047220992409743,2025-05-21T04:33:17.000Z,Pulse_twt,"Setelah vaksin Astrazeneca gua jadi alergi Paramex dan Bodrex, setelah konsumsi obat tersebut sekujur badan jadi ruam gatal, panas dan bangkak. Padahal sebelum vaksin gua gak pernah ada alergi",https://x.com/Pulse_twt/status/1925047220992409743,vaksin,0,0,0
1871511214804656596,2024-12-24T11:00:19.000Z,unicelounge,infoin vaksin kucing gratis dong -ness,https://x.com/unicelounge/status/1871511214804656596,vaksin,0,0,0
1924661767667646701,2025-05-20T03:01:38.000Z,AirinDatangLagi,"Sbnrnya utk Kumpulin 2.000 Relawan it Gampang Banget.
Tinggal Ambil aja dari 58% pendukung 02.
Masa ia Mrk mw Menolak

Klw mrk mendukung Vaksin ini. Sharusnya mrk dgn sukarela utk di Vaksin & tak perlu Nyiyir ap lg Marah

Demi ALLAH kami Ikhlas kok klw kaum 58% di Vaksin lbh dulu",https://x.com/AirinDatangLagi/status/1924661767667646701,vaksin,0,0,0
1926676573710614552,2025-05-25T16:27:45.000Z,sexy_killer404,"Uji coba Vaksin TBC kan 50% asli, 50% palsu ( placebo). 
Kok disisain 50%? 
Biar yg hidup masih bisa ada yg ngebacot : ""Vaksinnya Aman lah, nih gua masih Hidup! "" Bangxat ! ",https://x.com/sexy_killer404/status/1926676573710614552,vaksin,0,0,0
1926120291966607735,2025-05-24T03:37:17.000Z,dyanaputrin,Ternyata udah di fase nganter anak bolak-balik vaksin ya ,https://x.com/dyanaputrin/status/1926120291966607735,vaksin,0,0,0
1925713944691269794,2025-05-23T00:42:37.000Z,BaseBDG,Euy cewe mau ga dikasih hadiah vaksin HPV sama pacarnya,https://x.com/BaseBDG/status/1925713944691269794,vaksin,0,0,0
1922948629305729460,2025-05-15T09:34:14.000Z,asumsico,"Badan Pengawas Obat dan Makanan (BPOM) memberikan izin resmi pelaksanaan uji klinis fase 3 vaksin Tuberkolosis (TBC) yang dikembangkan oleh Bill Gates. Hal ini disampaikan Kepala BPOM Taruna Ikrar.

#Vaksin #TBC #BillGates #Kesehatan #Asumsico",https://x.com/asumsico/status/1922948629305729460,vaksin,0,0,0
1923557966332166622,2025-05-17T01:55:31.000Z,Ganjar_Mahfud03,"RATUSAN JENDRAL PURNAWIRAWAN 
MINTA 8 TUNTUTAN  RAKYAT 
termasuk adili Jokowi dan makzulkan fufufafa nepobaby
RAKYAT JGB MAU JD KELINCI PERCOBAAN VAKSIN
BIAR PRES WAPRES MENTRI PEJABAT NEGARA PNS DAN 58% PENDUKUNG 02 BIAR JD KELINCI PERCOBAAN VAKSIN DULU
MOSOK RAKYAT KO DIJADIKAN",https://x.com/Ganjar_Mahfud03/status/1923557966332166622,vaksin,0,0,0
1926540715103826155,2025-05-25T07:27:54.000Z,mufbins,"Hi ini kaya nitip gitu ya? Adeknya udah vaksin? Steril? di aku bisa. Boleh visit kapan aja kalau kamu mau. Nanti aku pap. Aku udah rawat dia sebelumnya. Kemungkinan si dedek bakal jadi full indoor ac. Aku bantu urus free, keperluannya boleh dari kamu. Kalau deal bisa dm ya!",https://x.com/mufbins/status/1926540715103826155,vaksin,0,0,0
1876512970257088814,2025-01-07T06:15:30.000Z,unicelounge,"hai aku open adopt kitten2ku ini pas udh 2-3 bulan tp, tidak bermahar tapi syaratnya harus pecinta kucing, wajib vaksin F1 dua hari sebelum di ambil dan vaksinnya bareng sama aku -ness",https://x.com/unicelounge/status/1876512970257088814,vaksin,0,0,0
1926165402695971011,2025-05-24T06:36:33.000Z,otaakudang,aku yang udah vaksin 2x + booster 2x,https://x.com/otaakudang/status/1926165402695971011,vaksin,0,0,0
1925805939916931464,2025-05-23T06:48:10.000Z,TedInvestigasi,"Seluruh rakyat seharusnya berterima kasih kepada Ibu mantan Menkes karena terus bersuara dan berupaya melindungi rakyat dari rezim jahat.
https://fajar.co.id/2025/05/23/bongkar-kebobrokan-who-dan-bahaya-vaksin-tbc-eks-menkes-saya-pernah-tertipu/…",https://x.com/TedInvestigasi/status/1925805939916931464,vaksin,0,0,0
1924363553164964125,2025-05-19T07:16:38.000Z,adi062002,Berkesempatan buat nerima vaksin hvp gardasil 4 yg lagi promo,https://x.com/adi062002/status/1924363553164964125,vaksin,0,0,0
1925214079859462354,2025-05-21T15:36:20.000Z,Azulaaaaaaaz,Mau dibayarin buat vaksin HPV tapi harus jadi ani-aninya... Goblogh,https://x.com/Azulaaaaaaaz/status/1925214079859462354,vaksin,0,0,0
1923187163883241871,2025-05-16T01:22:05.000Z,FPKSDPRRI,"Klarifikasi Substansi Pernyataan Anggota DPR RI Achmad Ru’yat Terkait Vaksin TBC dan Bill Gates

1.
Jika dicermati dengan seksama, terdapat perbedaan antara apa yang disampaikan Achmad Ru’yat (Fraksi PKS) dalam Rapat Komisi IX DPR RI tanggal 14 Mei 2025, dengan apa yang",https://x.com/FPKSDPRRI/status/1923187163883241871,vaksin,0,0,0
1926147466472079753,2025-05-24T05:25:16.000Z,sidhanty,"Di artikelnya dibilang potensial terjadi di remaja laki².

Tp gue abis vaksin pfizer tahun 2022, kena covid yg kedua kali lalu efeknya kena pericarditis. Butuh 6 bulanan lebih lah recoverynya 
So...",https://x.com/sidhanty/status/1926147466472079753,vaksin,0,0,0
1923578834861097325,2025-05-17T03:18:27.000Z,MariaAlkaff_,"Dr. dr. Siti Fadilah Supari, Sp. Jp, Mantan Menteri Kesehatan RI, memberi tanggapan atas program vaksin TBC Bill Gates. 
“Trauma masyarakat, kehilangan kedaulatan tubuhnya sendiri” 
CC : Presiden 
@prabowo
 
@KemenkesRI",https://x.com/MariaAlkaff_/status/1923578834861097325,vaksin,0,0,0
1926250754735514060,2025-05-24T12:15:42.000Z,havenlywaytodie,gue bahkan lupa gue vaksin apa,https://x.com/havenlywaytodie/status/1926250754735514060,vaksin,0,0,0
1882684841830777284,2025-01-24T07:00:19.000Z,unicelounge,persyaratan berkas toefl un -ness yang harus bawa bukti vaksin sama surat izin ortu tuh masih berlaku sampai sekarang kah? atau cuma pas masa covid aja?,https://x.com/unicelounge/status/1882684841830777284,vaksin,0,0,0
1924810147010064470,2025-05-20T12:51:14.000Z,santo52194,"Nach,,,itu dia...mstinya mreka dulu yg d vaksin",https://x.com/santo52194/status/1924810147010064470,vaksin,0,0,0
1923011300600234442,2025-05-15T13:43:16.000Z,geloraco,BPOM Butuh 2 Ribu Sukarelawan Buat Uji Coba Vaksin TBC Bill Gates: Gratis,https://x.com/geloraco/status/1923011300600234442,vaksin,0,0,0
1851160834241671463,2024-10-29T07:15:10.000Z,unicelounge,-ness ada yang punya kucing jantan lagi birahi ngga? mau besanan sama anabul peaknoseku. syaratnya kucingnya udah vaksin dan sehat. fee nya bisa dikomunikasikan ,https://x.com/unicelounge/status/1851160834241671463,vaksin,0,0,0
1926565015563247985,2025-05-25T09:04:28.000Z,hanan052020,"Berdasarkan pengalaman, yg ""tuhankan"" vaksin itu bukan menkes... Tapi justru sebagian besar masyarakat. Lihat saja di medsos, ada yg bertanya sedikit saja, lgsg dilabeli dg makian, goblok, antivax dll...
Menkes? Doi mah tentu dg agendanya sendiri...",https://x.com/hanan052020/status/1926565015563247985,vaksin,0,0,0
1926086230841696532,2025-05-24T01:21:57.000Z,wonglanang05,"Gays, 
Kalo rajin seks bebas musti rajin cek IMS ke klinik dan musti nabung vaksin!

Sekali lagi,

Gays, 
Kalo rajin seks bebas musti rajin cek IMS ke klinik dan musti nabung vaksin!",https://x.com/wonglanang05/status/1926086230841696532,vaksin,0,0,0
1926483152605737249,2025-05-25T03:39:10.000Z,imyourbbyss,guys ada yg mau nemnin ak gak today? mau vaksin kucing tp jauh bgt jaraknya 45 mnt dari rumah,https://x.com/imyourbbyss/status/1926483152605737249,vaksin,0,0,0
1923595967582044423,2025-05-17T04:26:32.000Z,Boediantar4,Jangan paksa rakyat untuk vaksin ,https://x.com/Boediantar4/status/1923595967582044423,vaksin,0,0,0
1925958553388339387,2025-05-23T16:54:36.000Z,LockandLockJaw,"Kalo pake logika ini:
Orang terkena penyakit renal failure,
Orang tsb pernah vaksin pfizer,
Berarti vaksin pfizer penyebab renal failure

Sama aja kayak:
Orang terkena stroke,
Orang tersebut pernah joget velocity,
Berarti joget velocity penyebab stroke?",https://x.com/LockandLockJaw/status/1925958553388339387,vaksin,0,0,0
1843216006308663308,2024-10-07T09:05:15.000Z,unicelounge,Ada yang punya info ngga -ness sekarang tuh masih bisa vaksin covid ngga sih? Temen sender ada yang blm vaksin 2 dan 3 dan mau ngelamar kerja perlu ada bukti vaksin 2 dan 3. Udah nyari di beberapa tempat tapi gaada,https://x.com/unicelounge/status/1843216006308663308,vaksin,0,0,0
1925739272444797380,2025-05-23T02:23:15.000Z,nenglaela93,"Efek samping dari vaksin !!!

Yakin bilang vaksin aman???",https://x.com/nenglaela93/status/1925739272444797380,vaksin,0,0,0
1923052415810404793,2025-05-15T16:26:39.000Z,Dani97aza,Khasiatnya Racun vaksin covid udah nih ?,https://x.com/Dani97aza/status/1923052415810404793,vaksin,0,0,0
1924376575736504373,2025-05-19T08:08:23.000Z,WagimanDeep212_,"Mana yang bener?..
Lagi nyari sukarelawan atau Ribuan orang berbondong bondong jadi sukarelawan?...

Kenapa musti dimulai dengan kebohongan2, siapa yang ajarin? 
https://kumparan.com/kumparannews/bpom-butuh-2-ribu-sukarelawan-buat-uji-coba-vaksin-tbc-bill-gates-gratis-254aKZUiffK…",https://x.com/WagimanDeep212_/status/1924376575736504373,vaksin,0,0,0
1926187540945453432,2025-05-24T08:04:31.000Z,la_lalijah,"Rekomendasi beberapa hal mahal untuk diriku sendiri, mulai dari self makeup class, vaksin HPV & papsmear, ke salon utk nyatok dan keramas, dan IPL

Ada yang udah kalian lakuin juga?",https://x.com/la_lalijah/status/1926187540945453432,vaksin,0,0,0
1926061203840716838,2025-05-23T23:42:30.000Z,esadhx,Gw sinovac + pfizer. Pasca vaksin jadi dermatitis juga sampe bolak balik dokter spkk + erha. Bahkan sampe ambil darah + prick test. Tetep ga ketemu penyebabnya apa.,https://x.com/esadhx/status/1926061203840716838,vaksin,0,0,0
1925123751504703657,2025-05-21T09:37:24.000Z,iTwitRealShit,Emang ada org Indonesia yg dpt Vaksin Covid mRna ?,https://x.com/iTwitRealShit/status/1925123751504703657,vaksin,0,0,0
1926396410993291497,2025-05-24T21:54:29.000Z,paxxinajiz,"Ga berlaku pfizer, semuanya vaksin covid

Intinya ada penyakit usai suntik pasti gw ngerasa vaksin wkwk apalagi setiap ada kematian mendadak muda tua pasti gw merajuk berapa dosis

Pemerintah mah panitia, elu korban dan elu manggut dijegal wkwk",https://x.com/paxxinajiz/status/1926396410993291497,vaksin,0,0,0
1926629858316099976,2025-05-25T13:22:07.000Z,goza_chan23,Aku yang 2 kali vaksin Moderna dan booster Pfizer hanya bisa tersenyum membaca berita ini. ,https://x.com/goza_chan23/status/1926629858316099976,vaksin,0,0,0
1926067669817573681,2025-05-24T00:08:11.000Z,faizkrisnadi,"orang-orang yang klaim kena efek negatif vaksin covid setelah beberapa tahun, gimana mekanisme klaimnya?

3-5 tahun itu waktu yang lama dan pasti banyak confounding factors-nya.

atau apakah ini ada pergerakan narasi terhadap wacana uji coba vaksin TB?",https://x.com/faizkrisnadi/status/1926067669817573681,vaksin,0,0,0
1926093818329223277,2025-05-24T01:52:06.000Z,truthspace_,"Kalau terjadi, bukan tidak mungkin mereka menggunakan vaksin ebola dan kuota karbon buat syarat naik pesawat sesuai rencana YM dan dajjal.

Semoga allah menggagalkan rencana laknat ini terjadi lagi. Manusia sudah sadar akan fitnah dajjal.",https://x.com/truthspace_/status/1926093818329223277,vaksin,0,0,0
1926291652261322780,2025-05-24T14:58:13.000Z,afsohee,"Sini kak , aku punya kucing dirumah makan dry food proplan , wet food nya rc , meo creamy dan nutriplus lengkap , tak vaksin in rutin sini . Cek tiap hari ya gapapa ",https://x.com/afsohee/status/1926291652261322780,vaksin,0,0,0
1926516781012615255,2025-05-25T05:52:48.000Z,johnbukanjohan,"Bab menghadapi wabak, reti pula mengawal risiko dengan pakai pampers muka dan cok vaksin.

Bab mengelakkan suami curang, terus hilang akalnya dalam mengawal risiko tu. Haha.

Usaha je la. Jadi ke tak jadi tu belakang cerita.",https://x.com/johnbukanjohan/status/1926516781012615255,vaksin,0,0,0
1925996958394540485,2025-05-23T19:27:12.000Z,itsmedod_,Aku vax astra zaneca. Selang brp bln tiba2 ada benjolan dikedua tiroidku yg berujung op dan diangkat keduanya. Skrng aku minum obat seumur hidup. Gamau nyalahin vaxnya. Tp rata2 ketemu org dirs yg keluar benjolan pasti gak lama vaksin  diLN jga ada case sama kyk aku abs vax,https://x.com/itsmedod_/status/1925996958394540485,vaksin,0,0,0
1926319258365034767,2025-05-24T16:47:55.000Z,eminanivaIis,jujur aneh bgt orang malah ngatain yang vaksin like what a weird way to come out as an antivaxx  https://x.com/zhunbeam/statu/zhunbeam/status/1926241303940997224…,https://x.com/eminanivaIis/status/1926319258365034767,vaksin,0,0,0
1926297786904875374,2025-05-24T15:22:35.000Z,blublblubblublu,gue punya vaksin lengkap tpi hasil nembak sama calo smua alias gue ga pernah vaksin anjeng ,https://x.com/blublblubblublu/status/1926297786904875374,vaksin,0,0,0
1925144974934557123,2025-05-21T11:01:44.000Z,TedInvestigasi,"Di Tweet viral saya ada banyak yang sangat memuji vaksin Covid dan tampaknya berhidup di dunia fantasi. Semua profil seperti yang ini atau komik.
Ada yang bisa jelaskan itu apa? Sejenis sekte?",https://x.com/TedInvestigasi/status/1925144974934557123,vaksin,0,0,0
1926306208807350620,2025-05-24T15:56:03.000Z,MasFurqon15,"Menyala Jendral..
Ayo lu Bud mau apa lagi buat Promosikan Vaksin tbc..",https://x.com/MasFurqon15/status/1926306208807350620,vaksin,0,0,0
1489571558657953795,2022-02-04T12:08:29.000Z,PartaiSocmed,Sudah vaksin kan?,https://x.com/PartaiSocmed/status/1489571558657953795,vaksin,0,0,0
1926222845668905376,2025-05-24T10:24:48.000Z,shelvedbyme,"Aku sinovac 2 kali sama astra 1 kali, dulu pfizer sama modernya kayanya ga se-merata itu gasih, bbrp malah ada yg bayar ya kalo ga salah inget, pokoknya dulu 2 vaksin itu susah diakses semua kalangan deh. Tp thankfully ak masi sehat² aj sieee, gaada perubahan aneh²",https://x.com/shelvedbyme/status/1926222845668905376,vaksin,0,0,0
1926312669943841110,2025-05-24T16:21:44.000Z,gloriathequin,"monyed, syarat kerja waktu itu harus vaksin, dan dari vaksin pertama- booster aing MODERNA, bakal MODAR kah?",https://x.com/gloriathequin/status/1926312669943841110,vaksin,0,0,0
1559730015423434754,2022-08-17T02:33:08.000Z,PartaiSocmed,Sudah vaksin kan?,https://x.com/PartaiSocmed/status/1559730015423434754,vaksin,0,0,0
1926439539079303248,2025-05-25T00:45:52.000Z,alisyarief,Sporotan Pers Asing – Mengorbankan Rakyat untuk Bisnis Vaksin: Indonesia Dijadikan Laboratorium Global https://fusilatnews.com/sporotan-pers-asing-mengorbankan-rakyat-untuk-bisnis-vaksin-indonesia-dijadikan-laboratorium-global/…,https://x.com/alisyarief/status/1926439539079303248,vaksin,0,0,0
1925983710840590655,2025-05-23T18:34:34.000Z,OrterMald,"*maaf izin ralat post
Aku kira Pfizer itu vaksin mRNA yg lebih aman untuk penyinta autoimun, tapi ternyata ada efeknya juga. Dulu aku milih Pfizer untuk vaksin booster karena artikel ini",https://x.com/OrterMald/status/1925983710840590655,vaksin,0,0,0
1926453516047954410,2025-05-25T01:41:24.000Z,Manusiamer39266,Gw setuju vaksin dulu pendukungKDM biar cepat sembuh/sadar ,https://x.com/Manusiamer39266/status/1926453516047954410,vaksin,0,0,0
1925022700562743689,2025-05-21T02:55:51.000Z,yukopangestu,"Gue ga tahu, tapi kalau ada jurnalnya, berarti kemungkinan besar dari Emak gue kena Stroke akibat Vaksin mRNA Covid... agak sedih tapi ya mungkin sudah jalan-Nya",https://x.com/yukopangestu/status/1925022700562743689,vaksin,0,0,0
1925891195806286226,2025-05-23T12:26:57.000Z,puputrossi,"Ooh kamu krn vaksin covid ya..ㅠㅠ..

 alm mertua kakakku juga.. abis vaksin udah tua ya... gw g tau vaksin apa2 tiba jd kena penyakit ginjal... sampe harus dialisis bertahan cm 3 tahun abis vaksin..:(( abis itu akhirnya nyokap ku ga vaksin deh krn takut kaya gini",https://x.com/puputrossi/status/1925891195806286226,vaksin,0,0,0
1926033164989788634,2025-05-23T21:51:05.000Z,FawaaZen,Gw yg 3x dpt vaksin pfizer,https://x.com/FawaaZen/status/1926033164989788634,vaksin,0,0,0
1925908541732221263,2025-05-23T13:35:52.000Z,firdaadilla,Liatnya dimana sih kl dulu kita pake vaksin apa aja? Lupa lagi aku,https://x.com/firdaadilla/status/1925908541732221263,vaksin,0,0,0
1925893802260041801,2025-05-23T12:37:18.000Z,bogeldoaibu,berita pandemi muncul ketika pabrik vaksin lagi bokek.,https://x.com/bogeldoaibu/status/1925893802260041801,vaksin,0,0,0
1926552328326295747,2025-05-25T08:14:03.000Z,Zlkh2021,"Baca2 komentar netijen, ternyata sudah pada cerdas 2


Jangan sampe terkecoh scam busuk sales vaksin.",https://x.com/Zlkh2021/status/1926552328326295747,vaksin,0,0,0
1925930022134517905,2025-05-23T15:01:13.000Z,abyts_,Sebenernya kalo diliat dari virusnya aja covid itu nyerang ga cuma sistem pernapasan tp jg organ dan sistem organ yg cukup rentan. Jd kemungkinan efek samping vaksin kemarin cukup banyak apalagi dengan tuntutan urgensi secepet itu sehingga efek jangka panjangnya belum terlihat...,https://x.com/abyts_/status/1925930022134517905,vaksin,0,0,0
1925863191570985150,2025-05-23T10:35:40.000Z,agnesiamgdln,"mau donggggg mau bangettttt ya allahh, tapi berhubung sy gda cwo jadi YA ALLAH LANCARKAN REZEKI SAYA BIAR SAYA BISA VAKSIN HPV SENDIRI AAMIIIN",https://x.com/agnesiamgdln/status/1925863191570985150,vaksin,0,0,0
1923639595008471111,2025-05-17T07:19:53.000Z,qarimma,"KUPON HALODOC TERBARU

 KONSULCBWWRW (konsul)

 OBATCBAJB (beli obat)
kalau mau beli CeraVe & La Roche Posay tambahin kode ini biar mantul
CRV100
LRP100

 HLDXHOMECAREBJY (vaksin /teslab/
vitamin booster)

 HALOSKINAFF44J (haloskin)",https://x.com/qarimma/status/1923639595008471111,vaksin,0,0,0
1923538846786126120,2025-05-17T00:39:33.000Z,geloraco,Eks Menkes Siti Fadilah Kaget Indonesia jadi Ajang Uji Coba Vaksin TBC Bill Gates,https://x.com/geloraco/status/1923538846786126120,vaksin,0,0,0
1925898090621317283,2025-05-23T12:54:20.000Z,greyffindrr,btw aku setelah vaksin pfizer siklus haidku berantakan dan tiap haid pasti perih pol. kadang sampe ga bisa bangun ,https://x.com/greyffindrr/status/1925898090621317283,vaksin,0,0,0
1924819447434600572,2025-05-20T13:28:12.000Z,ArjayaDirja,"P. Dedi..Setelah ini, lanjut asramakan dan didik para ternak2 mulyono biar rada2 cerdas dikit. Sekedar info kadar otak para termul itu dibawah standart SNI, dan mereka rata2 baru menetas semua, minimal nanti bisa jadi sample buat test vaksin tbc.",https://x.com/ArjayaDirja/status/1924819447434600572,vaksin,0,0,0
1926080693425037752,2025-05-24T00:59:56.000Z,lvbnaFaz,Di halaman fitur. Terus scroll ke bawah ada menu sertifikat vaksin,https://x.com/lvbnaFaz/status/1926080693425037752,vaksin,0,0,0
1926461912440570259,2025-05-25T02:14:46.000Z,lustdemonx,gue yg kaga vaksin sama sekali tapi data vaksin lengkap karna pake calo,https://x.com/lustdemonx/status/1926461912440570259,vaksin,0,0,0
1568981212420804609,2022-09-11T15:14:05.000Z,PartaiSocmed,Berkat Bjorka kita jadi tahu banyak pejabat kita yg cuma pintar memerintah tapi dia sendiri tidak mau menjalankan. Termasuk perintah untuk melakukan booster vaksin,https://x.com/PartaiSocmed/status/1568981212420804609,vaksin,0,0,0
1926034261955563893,2025-05-23T21:55:26.000Z,praditdita,"Ibuku vaksinnya pfizer dan moderna skrg ginjalnya ga berfungsi dengan normal. Badannya bengkak2. Awalnya aku kira ya krn emang ibu udh ada diabetes, dan ginjalnya rusak gr2 minum obat2an diabetesnya… baca ini aku jd nyesel dulu maksa2 ibu vaksin ",https://x.com/praditdita/status/1926034261955563893,vaksin,0,0,0
1925217024860680333,2025-05-21T15:48:02.000Z,redfabreee,"Guys vaksin pneumonia sakit banget, nyeri di area yg di suntik 

Next ambil vaksin HPV Kali yah?",https://x.com/redfabreee/status/1925217024860680333,vaksin,0,0,0
1924544731146813832,2025-05-19T19:16:34.000Z,hatebymom,lagi buka arsip ig jadi inget ga dapet slot vaksin hpv gratis .. nyesek dikit woi soalnya dah berharap banget  pls info di krw ada vaksin hpv dimana dan berapa? mau nabung,https://x.com/hatebymom/status/1924544731146813832,vaksin,0,0,0
1925006755614146885,2025-05-21T01:52:30.000Z,TedInvestigasi,Semua vaksin dan semua data,https://x.com/TedInvestigasi/status/1925006755614146885,vaksin,0,0,0
1926682067590336725,2025-05-25T16:49:35.000Z,rangga_ga555,"polanya sama persis dgn vaksin covid kemarin, ada kartu peduli lindungi tp setelah ituga urusan dgn data d peduli lindumgi ",https://x.com/rangga_ga555/status/1926682067590336725,vaksin,0,0,0
1925926587414831352,2025-05-23T14:47:35.000Z,malakaf46,Untung gapernah suntik2 vaksin,https://x.com/malakaf46/status/1925926587414831352,vaksin,0,0,0
1926485102558667018,2025-05-25T03:46:55.000Z,errrrynsyh,"Kebanyakan orang sering ngerokok, makan pake bumbu macem2 , hidup dikota polusi, dll tp pas nyesek yg diinget grgr vaksin bertahun tahun lalu ",https://x.com/errrrynsyh/status/1926485102558667018,vaksin,0,0,0
1925135363418492970,2025-05-21T10:23:32.000Z,MamangBadut,"Konklusi jurnal : Global replication study diperlukan buat ngevalidate teorinya bener atau ngga karena ini baru 19 org

Konklusi x : vaksin bikin stroke

studi scientific gk bs bergantung sama 1 studi aja. butuh validasi dr studi lain. 19 dr jutaan blm mewakilkan total temuan",https://x.com/MamangBadut/status/1925135363418492970,vaksin,0,0,0
1926605359155654678,2025-05-25T11:44:46.000Z,efyandro,"kemaren habis baca ada yg share jurnal yg intinya vaksin covid pfizer dan moderna meningkatkan kemungkinan melemahnya otot jantung pada usia 16-25 tahun, skr baca berita org kena serangan jantung :(",https://x.com/efyandro/status/1926605359155654678,vaksin,0,0,0
1924743220543771045,2025-05-20T08:25:18.000Z,M3di4Upd4t3,"INGAT YA !! PERKIRAAN BLN JULI 2025 UJI COBA VAKSIN TBC BILL GATES . 

DPR / DPD / DPRD  ITUKAN PERWAKILAN RAKYAT  & PARA PEJABAT  BIAR MEREKA YG MEWAKILI .
SELANJUTNYA KAUM 58
#KenapaPolisiMusuhiRakyat 
#KenapaPolisiMusuhiRakyat",https://x.com/M3di4Upd4t3/status/1924743220543771045,vaksin,0,0,0
1925875122797264959,2025-05-23T11:23:04.000Z,MiraninonLita,"11 NOV 2024
3 KANDIDAT VAKSIN TBC
1.Yayasan Bill & Melinda Gates dan GlaxoSmithKline (GSK)
- protein rekombinan.
2.CanSino, dan perusahaan biofarmasi asal Indonesia Etana
- viral-vector.
3.BioNTech, dan perusahaan farmasi asal Indonesia, Biofarma -  mRNA",https://x.com/MiraninonLita/status/1925875122797264959,vaksin,0,0,0
1926113608213098963,2025-05-24T03:10:44.000Z,Vivittts,Anti vaksin tepuk tangan ,https://x.com/Vivittts/status/1926113608213098963,vaksin,0,0,0
1926024360520810891,2025-05-23T21:16:06.000Z,mirrramenn,"lakiku juga sama
semenjak vaksin covid kemarin tangan dia jadi kena eksim dan ga sembuh sembuh sampe skrg.
harus pake obat salep dari dokter terus menerus dan ga bisa sama sekali kena sabun cuci piring dan sabun mandi biasa padahal sblm nya ga pernah kaya gini.",https://x.com/mirrramenn/status/1926024360520810891,vaksin,0,0,0
